year,make,model,problem
2010,Ford,F-150,Power window won't go up
2010,Ford,F-150,Battery drains overnight
2010,Ford,F-150,Transmission slipping between gears
2010,Ford,F-150,Brake squeal when stopping
2010,Ford,F-150,Steering wheel vibration at highway speed
2010,Ford,F-150,Overheating in traffic
2010,Ford,F-150,Rough idle when cold
2011,Ford,F-150,Won't start
2011,Ford,F-150,Battery drains overnight
2011,Ford,F-150,Alternator failure
2011,Ford,F-150,Rough idle when cold
2011,Ford,F-150,Wheel bearing humming noise
2011,Ford,F-150,Steering wheel vibration at highway speed
2011,Ford,F-150,Power window won't go up
2012,Ford,F-150,Transmission slipping between gears
2012,Ford,F-150,TPMS light on
2012,Ford,F-150,Rough idle when cold
2012,Ford,F-150,Overheating in traffic
2012,Ford,F-150,Wheel bearing humming noise
2012,Ford,F-150,Power window won't go up
2012,Ford,F-150,ABS light on
2013,Ford,F-150,Won't start
2013,Ford,F-150,Transmission slipping between gears
2013,Ford,F-150,Oil leak near valve cover
2013,Ford,F-150,Overheating in traffic
2013,Ford,F-150,P0420 catalytic converter efficiency
2013,Ford,F-150,Battery drains overnight
2013,Ford,F-150,Alternator failure
2014,Ford,F-150,Won't start
2014,Ford,F-150,Power window won't go up
2014,Ford,F-150,Battery drains overnight
2014,Ford,F-150,P0420 catalytic converter efficiency
2014,Ford,F-150,Wheel bearing humming noise
2014,Ford,F-150,Alternator failure
2014,Ford,F-150,Steering wheel vibration at highway speed
2015,Ford,F-150,Overheating in traffic
2015,Ford,F-150,Transmission slipping between gears
2015,Ford,F-150,Rough idle when cold
2015,Ford,F-150,Wheel bearing humming noise
2015,Ford,F-150,Won't start
2015,Ford,F-150,P0442 EVAP small leak
2015,Ford,F-150,ABS light on
2016,Ford,F-150,Steering wheel vibration at highway speed
2016,Ford,F-150,Rough idle when cold
2016,Ford,F-150,Wheel bearing humming noise
2016,Ford,F-150,Power window won't go up
2016,Ford,F-150,Overheating in traffic
2016,Ford,F-150,Oil leak near valve cover
2016,Ford,F-150,P0442 EVAP small leak
2017,Ford,F-150,Steering wheel vibration at highway speed
2017,Ford,F-150,TPMS light on
2017,Ford,F-150,P0420 catalytic converter efficiency
2017,Ford,F-150,P0442 EVAP small leak
2017,Ford,F-150,ABS light on
2017,Ford,F-150,Wheel bearing humming noise
2017,Ford,F-150,Transmission slipping between gears
2018,Ford,F-150,Alternator failure
2018,Ford,F-150,Rough idle when cold
2018,Ford,F-150,Won't start
2018,Ford,F-150,P0420 catalytic converter efficiency
2018,Ford,F-150,Battery drains overnight
2018,Ford,F-150,Steering wheel vibration at highway speed
2018,Ford,F-150,ABS light on
2019,Ford,F-150,TPMS light on
2019,Ford,F-150,Steering wheel vibration at highway speed
2019,Ford,F-150,P0442 EVAP small leak
2019,Ford,F-150,Rough idle when cold
2019,Ford,F-150,Won't start
2019,Ford,F-150,AC not blowing cold
2019,Ford,F-150,Battery drains overnight
2010,Ford,Fusion,ABS light on
2010,Ford,Fusion,P0442 EVAP small leak
2010,Ford,Fusion,Overheating in traffic
2010,Ford,Fusion,Brake squeal when stopping
2010,Ford,Fusion,Wheel bearing humming noise
2010,Ford,Fusion,P0420 catalytic converter efficiency
2010,Ford,Fusion,Battery drains overnight
2011,Ford,Fusion,Wheel bearing humming noise
2011,Ford,Fusion,Power window won't go up
2011,Ford,Fusion,P0420 catalytic converter efficiency
2011,Ford,Fusion,Overheating in traffic
2011,Ford,Fusion,AC not blowing cold
2011,Ford,Fusion,Alternator failure
2011,Ford,Fusion,Brake squeal when stopping
2012,Ford,Fusion,Rough idle when cold
2012,Ford,Fusion,TPMS light on
2012,Ford,Fusion,Oil leak near valve cover
2012,Ford,Fusion,Alternator failure
2012,Ford,Fusion,Overheating in traffic
2012,Ford,Fusion,Battery drains overnight
2012,Ford,Fusion,P0420 catalytic converter efficiency
2013,Ford,Fusion,Rough idle when cold
2013,Ford,Fusion,Power window won't go up
2013,Ford,Fusion,Brake squeal when stopping
2013,Ford,Fusion,Battery drains overnight
2013,Ford,Fusion,Wheel bearing humming noise
2013,Ford,Fusion,TPMS light on
2013,Ford,Fusion,P0420 catalytic converter efficiency
2014,Ford,Fusion,Battery drains overnight
2014,Ford,Fusion,Overheating in traffic
2014,Ford,Fusion,Won't start
2014,Ford,Fusion,Rough idle when cold
2014,Ford,Fusion,Transmission slipping between gears
2014,Ford,Fusion,Alternator failure
2014,Ford,Fusion,TPMS light on
2015,Ford,Fusion,Overheating in traffic
2015,Ford,Fusion,P0442 EVAP small leak
2015,Ford,Fusion,Alternator failure
2015,Ford,Fusion,ABS light on
2015,Ford,Fusion,Brake squeal when stopping
2015,Ford,Fusion,Power window won't go up
2015,Ford,Fusion,Oil leak near valve cover
2016,Ford,Fusion,Oil leak near valve cover
2016,Ford,Fusion,TPMS light on
2016,Ford,Fusion,Brake squeal when stopping
2016,Ford,Fusion,Won't start
2016,Ford,Fusion,Overheating in traffic
2016,Ford,Fusion,Alternator failure
2016,Ford,Fusion,Transmission slipping between gears
2017,Ford,Fusion,P0420 catalytic converter efficiency
2017,Ford,Fusion,TPMS light on
2017,Ford,Fusion,ABS light on
2017,Ford,Fusion,P0442 EVAP small leak
2017,Ford,Fusion,Brake squeal when stopping
2017,Ford,Fusion,Alternator failure
2017,Ford,Fusion,Power window won't go up
2018,Ford,Fusion,Power window won't go up
2018,Ford,Fusion,Oil leak near valve cover
2018,Ford,Fusion,Overheating in traffic
2018,Ford,Fusion,Rough idle when cold
2018,Ford,Fusion,Transmission slipping between gears
2018,Ford,Fusion,P0420 catalytic converter efficiency
2018,Ford,Fusion,Battery drains overnight
2010,Ford,Escape,Transmission slipping between gears
2010,Ford,Escape,Brake squeal when stopping
2010,Ford,Escape,P0442 EVAP small leak
2010,Ford,Escape,Rough idle when cold
2010,Ford,Escape,Oil leak near valve cover
2010,Ford,Escape,AC not blowing cold
2010,Ford,Escape,P0420 catalytic converter efficiency
2011,Ford,Escape,Wheel bearing humming noise
2011,Ford,Escape,P0420 catalytic converter efficiency
2011,Ford,Escape,Oil leak near valve cover
2011,Ford,Escape,Steering wheel vibration at highway speed
2011,Ford,Escape,TPMS light on
2011,Ford,Escape,Power window won't go up
2011,Ford,Escape,Rough idle when cold
2012,Ford,Escape,P0442 EVAP small leak
2012,Ford,Escape,Oil leak near valve cover
2012,Ford,Escape,Battery drains overnight
2012,Ford,Escape,TPMS light on
2012,Ford,Escape,Transmission slipping between gears
2012,Ford,Escape,Wheel bearing humming noise
2012,Ford,Escape,Overheating in traffic
2013,Ford,Escape,Steering wheel vibration at highway speed
2013,Ford,Escape,AC not blowing cold
2013,Ford,Escape,Won't start
2013,Ford,Escape,P0442 EVAP small leak
2013,Ford,Escape,Transmission slipping between gears
2013,Ford,Escape,Brake squeal when stopping
2013,Ford,Escape,ABS light on
2014,Ford,Escape,Steering wheel vibration at highway speed
2014,Ford,Escape,TPMS light on
2014,Ford,Escape,Won't start
2014,Ford,Escape,P0420 catalytic converter efficiency
2014,Ford,Escape,AC not blowing cold
2014,Ford,Escape,P0442 EVAP small leak
2014,Ford,Escape,Rough idle when cold
2015,Ford,Escape,Wheel bearing humming noise
2015,Ford,Escape,TPMS light on
2015,Ford,Escape,Rough idle when cold
2015,Ford,Escape,Power window won't go up
2015,Ford,Escape,Battery drains overnight
2015,Ford,Escape,P0442 EVAP small leak
2015,Ford,Escape,Won't start
2016,Ford,Escape,Wheel bearing humming noise
2016,Ford,Escape,Overheating in traffic
2016,Ford,Escape,TPMS light on
2016,Ford,Escape,Power window won't go up
2016,Ford,Escape,Steering wheel vibration at highway speed
2016,Ford,Escape,Oil leak near valve cover
2016,Ford,Escape,Rough idle when cold
2017,Ford,Escape,Steering wheel vibration at highway speed
2017,Ford,Escape,Brake squeal when stopping
2017,Ford,Escape,Oil leak near valve cover
2017,Ford,Escape,Won't start
2017,Ford,Escape,TPMS light on
2017,Ford,Escape,ABS light on
2017,Ford,Escape,P0420 catalytic converter efficiency
2018,Ford,Escape,ABS light on
2018,Ford,Escape,P0442 EVAP small leak
2018,Ford,Escape,Power window won't go up
2018,Ford,Escape,TPMS light on
2018,Ford,Escape,Steering wheel vibration at highway speed
2018,Ford,Escape,Battery drains overnight
2018,Ford,Escape,Transmission slipping between gears
2010,Toyota,Camry,Oil leak near valve cover
2010,Toyota,Camry,Alternator failure
2010,Toyota,Camry,P0420 catalytic converter efficiency
2010,Toyota,Camry,AC not blowing cold
2010,Toyota,Camry,ABS light on
2010,Toyota,Camry,Brake squeal when stopping
2010,Toyota,Camry,Won't start
2011,Toyota,Camry,Battery drains overnight
2011,Toyota,Camry,Rough idle when cold
2011,Toyota,Camry,Transmission slipping between gears
2011,Toyota,Camry,P0442 EVAP small leak
2011,Toyota,Camry,TPMS light on
2011,Toyota,Camry,Wheel bearing humming noise
2011,Toyota,Camry,Steering wheel vibration at highway speed
2012,Toyota,Camry,TPMS light on
2012,Toyota,Camry,Battery drains overnight
2012,Toyota,Camry,Steering wheel vibration at highway speed
2012,Toyota,Camry,Rough idle when cold
2012,Toyota,Camry,Alternator failure
2012,Toyota,Camry,P0442 EVAP small leak
2012,Toyota,Camry,Transmission slipping between gears
2013,Toyota,Camry,P0420 catalytic converter efficiency
2013,Toyota,Camry,Overheating in traffic
2013,Toyota,Camry,AC not blowing cold
2013,Toyota,Camry,Battery drains overnight
2013,Toyota,Camry,Alternator failure
2013,Toyota,Camry,ABS light on
2013,Toyota,Camry,Won't start
2014,Toyota,Camry,TPMS light on
2014,Toyota,Camry,Won't start
2014,Toyota,Camry,ABS light on
2014,Toyota,Camry,Battery drains overnight
2014,Toyota,Camry,AC not blowing cold
2014,Toyota,Camry,Wheel bearing humming noise
2014,Toyota,Camry,Rough idle when cold
2015,Toyota,Camry,Overheating in traffic
2015,Toyota,Camry,Transmission slipping between gears
2015,Toyota,Camry,Power window won't go up
2015,Toyota,Camry,AC not blowing cold
2015,Toyota,Camry,Rough idle when cold
2015,Toyota,Camry,Brake squeal when stopping
2015,Toyota,Camry,TPMS light on
2016,Toyota,Camry,Wheel bearing humming noise
2016,Toyota,Camry,Overheating in traffic
2016,Toyota,Camry,Battery drains overnight
2016,Toyota,Camry,P0420 catalytic converter efficiency
2016,Toyota,Camry,Power window won't go up
2016,Toyota,Camry,Transmission slipping between gears
2016,Toyota,Camry,ABS light on
2017,Toyota,Camry,Transmission slipping between gears
2017,Toyota,Camry,P0420 catalytic converter efficiency
2017,Toyota,Camry,ABS light on
2017,Toyota,Camry,AC not blowing cold
2017,Toyota,Camry,Won't start
2017,Toyota,Camry,TPMS light on
2017,Toyota,Camry,Steering wheel vibration at highway speed
2018,Toyota,Camry,Brake squeal when stopping
2018,Toyota,Camry,Transmission slipping between gears
2018,Toyota,Camry,Wheel bearing humming noise
2018,Toyota,Camry,Overheating in traffic
2018,Toyota,Camry,Power window won't go up
2018,Toyota,Camry,TPMS light on
2018,Toyota,Camry,P0442 EVAP small leak
2019,Toyota,Camry,Brake squeal when stopping
2019,Toyota,Camry,AC not blowing cold
2019,Toyota,Camry,Battery drains overnight
2019,Toyota,Camry,Power window won't go up
2019,Toyota,Camry,Overheating in traffic
2019,Toyota,Camry,P0420 catalytic converter efficiency
2019,Toyota,Camry,Transmission slipping between gears
2010,Toyota,Corolla,Brake squeal when stopping
2010,Toyota,Corolla,Rough idle when cold
2010,Toyota,Corolla,Battery drains overnight
2010,Toyota,Corolla,P0420 catalytic converter efficiency
2010,Toyota,Corolla,Transmission slipping between gears
2010,Toyota,Corolla,Alternator failure
2010,Toyota,Corolla,Steering wheel vibration at highway speed
2011,Toyota,Corolla,Wheel bearing humming noise
2011,Toyota,Corolla,ABS light on
2011,Toyota,Corolla,Transmission slipping between gears
2011,Toyota,Corolla,Alternator failure
2011,Toyota,Corolla,Won't start
2011,Toyota,Corolla,P0442 EVAP small leak
2011,Toyota,Corolla,Overheating in traffic
2012,Toyota,Corolla,Transmission slipping between gears
2012,Toyota,Corolla,P0442 EVAP small leak
2012,Toyota,Corolla,Steering wheel vibration at highway speed
2012,Toyota,Corolla,P0420 catalytic converter efficiency
2012,Toyota,Corolla,AC not blowing cold
2012,Toyota,Corolla,Won't start
2012,Toyota,Corolla,Brake squeal when stopping
2013,Toyota,Corolla,Overheating in traffic
2013,Toyota,Corolla,Power window won't go up
2013,Toyota,Corolla,AC not blowing cold
2013,Toyota,Corolla,Alternator failure
2013,Toyota,Corolla,P0442 EVAP small leak
2013,Toyota,Corolla,Won't start
2013,Toyota,Corolla,TPMS light on
2014,Toyota,Corolla,AC not blowing cold
2014,Toyota,Corolla,Transmission slipping between gears
2014,Toyota,Corolla,Wheel bearing humming noise
2014,Toyota,Corolla,TPMS light on
2014,Toyota,Corolla,Steering wheel vibration at highway speed
2014,Toyota,Corolla,Oil leak near valve cover
2014,Toyota,Corolla,Brake squeal when stopping
2015,Toyota,Corolla,Rough idle when cold
2015,Toyota,Corolla,Alternator failure
2015,Toyota,Corolla,P0420 catalytic converter efficiency
2015,Toyota,Corolla,Transmission slipping between gears
2015,Toyota,Corolla,TPMS light on
2015,Toyota,Corolla,ABS light on
2015,Toyota,Corolla,AC not blowing cold
2016,Toyota,Corolla,Wheel bearing humming noise
2016,Toyota,Corolla,P0420 catalytic converter efficiency
2016,Toyota,Corolla,Steering wheel vibration at highway speed
2016,Toyota,Corolla,Oil leak near valve cover
2016,Toyota,Corolla,Brake squeal when stopping
2016,Toyota,Corolla,Overheating in traffic
2016,Toyota,Corolla,Rough idle when cold
2017,Toyota,Corolla,Rough idle when cold
2017,Toyota,Corolla,P0442 EVAP small leak
2017,Toyota,Corolla,TPMS light on
2017,Toyota,Corolla,Wheel bearing humming noise
2017,Toyota,Corolla,Steering wheel vibration at highway speed
2017,Toyota,Corolla,Overheating in traffic
2017,Toyota,Corolla,Brake squeal when stopping
2018,Toyota,Corolla,P0442 EVAP small leak
2018,Toyota,Corolla,Steering wheel vibration at highway speed
2018,Toyota,Corolla,P0420 catalytic converter efficiency
2018,Toyota,Corolla,Won't start
2018,Toyota,Corolla,Rough idle when cold
2018,Toyota,Corolla,Alternator failure
2018,Toyota,Corolla,Oil leak near valve cover
2019,Toyota,Corolla,Oil leak near valve cover
2019,Toyota,Corolla,P0442 EVAP small leak
2019,Toyota,Corolla,Brake squeal when stopping
2019,Toyota,Corolla,Alternator failure
2019,Toyota,Corolla,TPMS light on
2019,Toyota,Corolla,ABS light on
2019,Toyota,Corolla,AC not blowing cold
2010,Toyota,RAV4,Battery drains overnight
2010,Toyota,RAV4,ABS light on
2010,Toyota,RAV4,Overheating in traffic
2010,Toyota,RAV4,Oil leak near valve cover
2010,Toyota,RAV4,Steering wheel vibration at highway speed
2010,Toyota,RAV4,Won't start
2010,Toyota,RAV4,Rough idle when cold
2011,Toyota,RAV4,Wheel bearing humming noise
2011,Toyota,RAV4,ABS light on
2011,Toyota,RAV4,Oil leak near valve cover
2011,Toyota,RAV4,Transmission slipping between gears
2011,Toyota,RAV4,P0420 catalytic converter efficiency
2011,Toyota,RAV4,Rough idle when cold
2011,Toyota,RAV4,Steering wheel vibration at highway speed
2012,Toyota,RAV4,ABS light on
2012,Toyota,RAV4,Steering wheel vibration at highway speed
2012,Toyota,RAV4,Brake squeal when stopping
2012,Toyota,RAV4,Wheel bearing humming noise
2012,Toyota,RAV4,Rough idle when cold
2012,Toyota,RAV4,AC not blowing cold
2012,Toyota,RAV4,Oil leak near valve cover
2013,Toyota,RAV4,Oil leak near valve cover
2013,Toyota,RAV4,Overheating in traffic
2013,Toyota,RAV4,Brake squeal when stopping
2013,Toyota,RAV4,Power window won't go up
2013,Toyota,RAV4,Won't start
2013,Toyota,RAV4,P0442 EVAP small leak
2013,Toyota,RAV4,Wheel bearing humming noise
2014,Toyota,RAV4,P0420 catalytic converter efficiency
2014,Toyota,RAV4,Oil leak near valve cover
2014,Toyota,RAV4,Power window won't go up
2014,Toyota,RAV4,Alternator failure
2014,Toyota,RAV4,TPMS light on
2014,Toyota,RAV4,ABS light on
2014,Toyota,RAV4,Rough idle when cold
2015,Toyota,RAV4,Rough idle when cold
2015,Toyota,RAV4,Alternator failure
2015,Toyota,RAV4,Oil leak near valve cover
2015,Toyota,RAV4,Overheating in traffic
2015,Toyota,RAV4,AC not blowing cold
2015,Toyota,RAV4,Power window won't go up
2015,Toyota,RAV4,ABS light on
2016,Toyota,RAV4,Battery drains overnight
2016,Toyota,RAV4,Alternator failure
2016,Toyota,RAV4,Rough idle when cold
2016,Toyota,RAV4,Steering wheel vibration at highway speed
2016,Toyota,RAV4,TPMS light on
2016,Toyota,RAV4,Transmission slipping between gears
2016,Toyota,RAV4,ABS light on
2017,Toyota,RAV4,AC not blowing cold
2017,Toyota,RAV4,Oil leak near valve cover
2017,Toyota,RAV4,Wheel bearing humming noise
2017,Toyota,RAV4,Alternator failure
2017,Toyota,RAV4,Transmission slipping between gears
2017,Toyota,RAV4,P0442 EVAP small leak
2017,Toyota,RAV4,Won't start
2018,Toyota,RAV4,Rough idle when cold
2018,Toyota,RAV4,Brake squeal when stopping
2018,Toyota,RAV4,TPMS light on
2018,Toyota,RAV4,Won't start
2018,Toyota,RAV4,Oil leak near valve cover
2018,Toyota,RAV4,Alternator failure
2018,Toyota,RAV4,Wheel bearing humming noise
2019,Toyota,RAV4,Wheel bearing humming noise
2019,Toyota,RAV4,Won't start
2019,Toyota,RAV4,AC not blowing cold
2019,Toyota,RAV4,Rough idle when cold
2019,Toyota,RAV4,Steering wheel vibration at highway speed
2019,Toyota,RAV4,Power window won't go up
2019,Toyota,RAV4,TPMS light on
2010,Honda,Civic,Alternator failure
2010,Honda,Civic,Overheating in traffic
2010,Honda,Civic,Steering wheel vibration at highway speed
2010,Honda,Civic,Oil leak near valve cover
2010,Honda,Civic,AC not blowing cold
2010,Honda,Civic,TPMS light on
2010,Honda,Civic,ABS light on
2011,Honda,Civic,Steering wheel vibration at highway speed
2011,Honda,Civic,P0420 catalytic converter efficiency
2011,Honda,Civic,ABS light on
2011,Honda,Civic,Oil leak near valve cover
2011,Honda,Civic,AC not blowing cold
2011,Honda,Civic,P0442 EVAP small leak
2011,Honda,Civic,Overheating in traffic
2012,Honda,Civic,Overheating in traffic
2012,Honda,Civic,Battery drains overnight
2012,Honda,Civic,Wheel bearing humming noise
2012,Honda,Civic,Steering wheel vibration at highway speed
2012,Honda,Civic,Brake squeal when stopping
2012,Honda,Civic,Alternator failure
2012,Honda,Civic,TPMS light on
2013,Honda,Civic,Rough idle when cold
2013,Honda,Civic,Oil leak near valve cover
2013,Honda,Civic,Won't start
2013,Honda,Civic,Battery drains overnight
2013,Honda,Civic,Brake squeal when stopping
2013,Honda,Civic,P0442 EVAP small leak
2013,Honda,Civic,Alternator failure
2014,Honda,Civic,Transmission slipping between gears
2014,Honda,Civic,P0442 EVAP small leak
2014,Honda,Civic,TPMS light on
2014,Honda,Civic,Oil leak near valve cover
2014,Honda,Civic,Steering wheel vibration at highway speed
2014,Honda,Civic,Won't start
2014,Honda,Civic,Battery drains overnight
2015,Honda,Civic,Wheel bearing humming noise
2015,Honda,Civic,AC not blowing cold
2015,Honda,Civic,Won't start
2015,Honda,Civic,Rough idle when cold
2015,Honda,Civic,Alternator failure
2015,Honda,Civic,Brake squeal when stopping
2015,Honda,Civic,P0420 catalytic converter efficiency
2016,Honda,Civic,P0420 catalytic converter efficiency
2016,Honda,Civic,Transmission slipping between gears
2016,Honda,Civic,Wheel bearing humming noise
2016,Honda,Civic,Steering wheel vibration at highway speed
2016,Honda,Civic,Won't start
2016,Honda,Civic,Overheating in traffic
2016,Honda,Civic,Battery drains overnight
2017,Honda,Civic,P0420 catalytic converter efficiency
2017,Honda,Civic,Won't start
2017,Honda,Civic,Oil leak near valve cover
2017,Honda,Civic,Alternator failure
2017,Honda,Civic,AC not blowing cold
2017,Honda,Civic,Transmission slipping between gears
2017,Honda,Civic,Rough idle when cold
2018,Honda,Civic,Steering wheel vibration at highway speed
2018,Honda,Civic,Overheating in traffic
2018,Honda,Civic,P0442 EVAP small leak
2018,Honda,Civic,Battery drains overnight
2018,Honda,Civic,Transmission slipping between gears
2018,Honda,Civic,AC not blowing cold
2018,Honda,Civic,Rough idle when cold
2019,Honda,Civic,P0420 catalytic converter efficiency
2019,Honda,Civic,Brake squeal when stopping
2019,Honda,Civic,Oil leak near valve cover
2019,Honda,Civic,ABS light on
2019,Honda,Civic,TPMS light on
2019,Honda,Civic,Transmission slipping between gears
2019,Honda,Civic,Alternator failure
2010,Honda,Accord,Steering wheel vibration at highway speed
2010,Honda,Accord,P0442 EVAP small leak
2010,Honda,Accord,P0420 catalytic converter efficiency
2010,Honda,Accord,Oil leak near valve cover
2010,Honda,Accord,Battery drains overnight
2010,Honda,Accord,Rough idle when cold
2010,Honda,Accord,Brake squeal when stopping
2011,Honda,Accord,P0442 EVAP small leak
2011,Honda,Accord,Battery drains overnight
2011,Honda,Accord,Brake squeal when stopping
2011,Honda,Accord,Alternator failure
2011,Honda,Accord,P0420 catalytic converter efficiency
2011,Honda,Accord,Wheel bearing humming noise
2011,Honda,Accord,TPMS light on
2012,Honda,Accord,Power window won't go up
2012,Honda,Accord,Rough idle when cold
2012,Honda,Accord,Transmission slipping between gears
2012,Honda,Accord,Overheating in traffic
2012,Honda,Accord,TPMS light on
2012,Honda,Accord,Battery drains overnight
2012,Honda,Accord,AC not blowing cold
2013,Honda,Accord,Wheel bearing humming noise
2013,Honda,Accord,Rough idle when cold
2013,Honda,Accord,P0442 EVAP small leak
2013,Honda,Accord,TPMS light on
2013,Honda,Accord,Overheating in traffic
2013,Honda,Accord,Oil leak near valve cover
2013,Honda,Accord,Steering wheel vibration at highway speed
2014,Honda,Accord,ABS light on
2014,Honda,Accord,Wheel bearing humming noise
2014,Honda,Accord,Oil leak near valve cover
2014,Honda,Accord,Overheating in traffic
2014,Honda,Accord,Battery drains overnight
2014,Honda,Accord,Steering wheel vibration at highway speed
2014,Honda,Accord,P0420 catalytic converter efficiency
2015,Honda,Accord,Oil leak near valve cover
2015,Honda,Accord,Wheel bearing humming noise
2015,Honda,Accord,Won't start
2015,Honda,Accord,P0420 catalytic converter efficiency
2015,Honda,Accord,Overheating in traffic
2015,Honda,Accord,AC not blowing cold
2015,Honda,Accord,TPMS light on
2016,Honda,Accord,TPMS light on
2016,Honda,Accord,Brake squeal when stopping
2016,Honda,Accord,Power window won't go up
2016,Honda,Accord,Rough idle when cold
2016,Honda,Accord,P0442 EVAP small leak
2016,Honda,Accord,Oil leak near valve cover
2016,Honda,Accord,Won't start
2017,Honda,Accord,P0420 catalytic converter efficiency
2017,Honda,Accord,Brake squeal when stopping
2017,Honda,Accord,Battery drains overnight
2017,Honda,Accord,Won't start
2017,Honda,Accord,Overheating in traffic
2017,Honda,Accord,Power window won't go up
2017,Honda,Accord,Transmission slipping between gears
2018,Honda,Accord,Won't start
2018,Honda,Accord,P0420 catalytic converter efficiency
2018,Honda,Accord,Battery drains overnight
2018,Honda,Accord,P0442 EVAP small leak
2018,Honda,Accord,Transmission slipping between gears
2018,Honda,Accord,Alternator failure
2018,Honda,Accord,Overheating in traffic
2019,Honda,Accord,Won't start
2019,Honda,Accord,P0420 catalytic converter efficiency
2019,Honda,Accord,Power window won't go up
2019,Honda,Accord,Transmission slipping between gears
2019,Honda,Accord,Wheel bearing humming noise
2019,Honda,Accord,Battery drains overnight
2019,Honda,Accord,Overheating in traffic
2010,Honda,CR-V,Battery drains overnight
2010,Honda,CR-V,TPMS light on
2010,Honda,CR-V,Won't start
2010,Honda,CR-V,Oil leak near valve cover
2010,Honda,CR-V,Wheel bearing humming noise
2010,Honda,CR-V,Power window won't go up
2010,Honda,CR-V,P0420 catalytic converter efficiency
2011,Honda,CR-V,Power window won't go up
2011,Honda,CR-V,Steering wheel vibration at highway speed
2011,Honda,CR-V,P0442 EVAP small leak
2011,Honda,CR-V,AC not blowing cold
2011,Honda,CR-V,Alternator failure
2011,Honda,CR-V,ABS light on
2011,Honda,CR-V,Oil leak near valve cover
2012,Honda,CR-V,TPMS light on
2012,Honda,CR-V,Wheel bearing humming noise
2012,Honda,CR-V,Alternator failure
2012,Honda,CR-V,ABS light on
2012,Honda,CR-V,AC not blowing cold
2012,Honda,CR-V,Overheating in traffic
2012,Honda,CR-V,Brake squeal when stopping
2013,Honda,CR-V,Power window won't go up
2013,Honda,CR-V,Steering wheel vibration at highway speed
2013,Honda,CR-V,Brake squeal when stopping
2013,Honda,CR-V,Overheating in traffic
2013,Honda,CR-V,Transmission slipping between gears
2013,Honda,CR-V,Alternator failure
2013,Honda,CR-V,Won't start
2014,Honda,CR-V,AC not blowing cold
2014,Honda,CR-V,Power window won't go up
2014,Honda,CR-V,Oil leak near valve cover
2014,Honda,CR-V,Transmission slipping between gears
2014,Honda,CR-V,Battery drains overnight
2014,Honda,CR-V,Won't start
2014,Honda,CR-V,P0420 catalytic converter efficiency
2015,Honda,CR-V,Alternator failure
2015,Honda,CR-V,Power window won't go up
2015,Honda,CR-V,AC not blowing cold
2015,Honda,CR-V,Battery drains overnight
2015,Honda,CR-V,Brake squeal when stopping
2015,Honda,CR-V,Won't start
2015,Honda,CR-V,Wheel bearing humming noise
2016,Honda,CR-V,TPMS light on
2016,Honda,CR-V,AC not blowing cold
2016,Honda,CR-V,Won't start
2016,Honda,CR-V,Transmission slipping between gears
2016,Honda,CR-V,Battery drains overnight
2016,Honda,CR-V,Oil leak near valve cover
2016,Honda,CR-V,Alternator failure
2017,Honda,CR-V,Battery drains overnight
2017,Honda,CR-V,Alternator failure
2017,Honda,CR-V,Oil leak near valve cover
2017,Honda,CR-V,Overheating in traffic
2017,Honda,CR-V,ABS light on
2017,Honda,CR-V,Transmission slipping between gears
2017,Honda,CR-V,Steering wheel vibration at highway speed
2018,Honda,CR-V,Battery drains overnight
2018,Honda,CR-V,Wheel bearing humming noise
2018,Honda,CR-V,ABS light on
2018,Honda,CR-V,Overheating in traffic
2018,Honda,CR-V,P0420 catalytic converter efficiency
2018,Honda,CR-V,Power window won't go up
2018,Honda,CR-V,Brake squeal when stopping
2019,Honda,CR-V,P0442 EVAP small leak
2019,Honda,CR-V,Rough idle when cold
2019,Honda,CR-V,TPMS light on
2019,Honda,CR-V,Brake squeal when stopping
2019,Honda,CR-V,AC not blowing cold
2019,Honda,CR-V,Overheating in traffic
2019,Honda,CR-V,Steering wheel vibration at highway speed
2010,Nissan,Altima,Overheating in traffic
2010,Nissan,Altima,Rough idle when cold
2010,Nissan,Altima,AC not blowing cold
2010,Nissan,Altima,Oil leak near valve cover
2010,Nissan,Altima,Steering wheel vibration at highway speed
2010,Nissan,Altima,Wheel bearing humming noise
2010,Nissan,Altima,Brake squeal when stopping
2011,Nissan,Altima,Steering wheel vibration at highway speed
2011,Nissan,Altima,Battery drains overnight
2011,Nissan,Altima,Alternator failure
2011,Nissan,Altima,Won't start
2011,Nissan,Altima,Power window won't go up
2011,Nissan,Altima,P0442 EVAP small leak
2011,Nissan,Altima,AC not blowing cold
2012,Nissan,Altima,P0442 EVAP small leak
2012,Nissan,Altima,Steering wheel vibration at highway speed
2012,Nissan,Altima,P0420 catalytic converter efficiency
2012,Nissan,Altima,TPMS light on
2012,Nissan,Altima,Brake squeal when stopping
2012,Nissan,Altima,Wheel bearing humming noise
2012,Nissan,Altima,Battery drains overnight
2013,Nissan,Altima,Oil leak near valve cover
2013,Nissan,Altima,ABS light on
2013,Nissan,Altima,Brake squeal when stopping
2013,Nissan,Altima,AC not blowing cold
2013,Nissan,Altima,Wheel bearing humming noise
2013,Nissan,Altima,TPMS light on
2013,Nissan,Altima,Battery drains overnight
2014,Nissan,Altima,ABS light on
2014,Nissan,Altima,Rough idle when cold
2014,Nissan,Altima,Oil leak near valve cover
2014,Nissan,Altima,P0442 EVAP small leak
2014,Nissan,Altima,P0420 catalytic converter efficiency
2014,Nissan,Altima,Won't start
2014,Nissan,Altima,Power window won't go up
2015,Nissan,Altima,Won't start
2015,Nissan,Altima,Transmission slipping between gears
2015,Nissan,Altima,AC not blowing cold
2015,Nissan,Altima,Wheel bearing humming noise
2015,Nissan,Altima,ABS light on
2015,Nissan,Altima,TPMS light on
2015,Nissan,Altima,Oil leak near valve cover
2016,Nissan,Altima,Overheating in traffic
2016,Nissan,Altima,P0442 EVAP small leak
2016,Nissan,Altima,ABS light on
2016,Nissan,Altima,TPMS light on
2016,Nissan,Altima,Won't start
2016,Nissan,Altima,Battery drains overnight
2016,Nissan,Altima,Rough idle when cold
2017,Nissan,Altima,TPMS light on
2017,Nissan,Altima,Wheel bearing humming noise
2017,Nissan,Altima,Power window won't go up
2017,Nissan,Altima,Oil leak near valve cover
2017,Nissan,Altima,Rough idle when cold
2017,Nissan,Altima,Steering wheel vibration at highway speed
2017,Nissan,Altima,Battery drains overnight
2018,Nissan,Altima,Power window won't go up
2018,Nissan,Altima,ABS light on
2018,Nissan,Altima,Won't start
2018,Nissan,Altima,Brake squeal when stopping
2018,Nissan,Altima,Wheel bearing humming noise
2018,Nissan,Altima,Steering wheel vibration at highway speed
2018,Nissan,Altima,Battery drains overnight
2019,Nissan,Altima,Oil leak near valve cover
2019,Nissan,Altima,Wheel bearing humming noise
2019,Nissan,Altima,Won't start
2019,Nissan,Altima,Alternator failure
2019,Nissan,Altima,Brake squeal when stopping
2019,Nissan,Altima,Steering wheel vibration at highway speed
2019,Nissan,Altima,Transmission slipping between gears
2010,Nissan,Rogue,AC not blowing cold
2010,Nissan,Rogue,Brake squeal when stopping
2010,Nissan,Rogue,Overheating in traffic
2010,Nissan,Rogue,ABS light on
2010,Nissan,Rogue,Alternator failure
2010,Nissan,Rogue,P0420 catalytic converter efficiency
2010,Nissan,Rogue,Oil leak near valve cover
2011,Nissan,Rogue,Battery drains overnight
2011,Nissan,Rogue,Won't start
2011,Nissan,Rogue,Power window won't go up
2011,Nissan,Rogue,P0442 EVAP small leak
2011,Nissan,Rogue,ABS light on
2011,Nissan,Rogue,P0420 catalytic converter efficiency
2011,Nissan,Rogue,Wheel bearing humming noise
2012,Nissan,Rogue,Transmission slipping between gears
2012,Nissan,Rogue,Overheating in traffic
2012,Nissan,Rogue,Alternator failure
2012,Nissan,Rogue,Oil leak near valve cover
2012,Nissan,Rogue,TPMS light on
2012,Nissan,Rogue,Battery drains overnight
2012,Nissan,Rogue,ABS light on
2013,Nissan,Rogue,Alternator failure
2013,Nissan,Rogue,Brake squeal when stopping
2013,Nissan,Rogue,Overheating in traffic
2013,Nissan,Rogue,TPMS light on
2013,Nissan,Rogue,Transmission slipping between gears
2013,Nissan,Rogue,P0442 EVAP small leak
2013,Nissan,Rogue,Rough idle when cold
2014,Nissan,Rogue,Transmission slipping between gears
2014,Nissan,Rogue,AC not blowing cold
2014,Nissan,Rogue,Won't start
2014,Nissan,Rogue,Oil leak near valve cover
2014,Nissan,Rogue,Overheating in traffic
2014,Nissan,Rogue,Steering wheel vibration at highway speed
2014,Nissan,Rogue,Battery drains overnight
2015,Nissan,Rogue,Rough idle when cold
2015,Nissan,Rogue,Battery drains overnight
2015,Nissan,Rogue,Brake squeal when stopping
2015,Nissan,Rogue,Alternator failure
2015,Nissan,Rogue,TPMS light on
2015,Nissan,Rogue,P0442 EVAP small leak
2015,Nissan,Rogue,Power window won't go up
2016,Nissan,Rogue,Wheel bearing humming noise
2016,Nissan,Rogue,Battery drains overnight
2016,Nissan,Rogue,TPMS light on
2016,Nissan,Rogue,Transmission slipping between gears
2016,Nissan,Rogue,Brake squeal when stopping
2016,Nissan,Rogue,Overheating in traffic
2016,Nissan,Rogue,Won't start
2017,Nissan,Rogue,ABS light on
2017,Nissan,Rogue,P0420 catalytic converter efficiency
2017,Nissan,Rogue,Rough idle when cold
2017,Nissan,Rogue,Battery drains overnight
2017,Nissan,Rogue,TPMS light on
2017,Nissan,Rogue,Oil leak near valve cover
2017,Nissan,Rogue,Brake squeal when stopping
2018,Nissan,Rogue,TPMS light on
2018,Nissan,Rogue,Alternator failure
2018,Nissan,Rogue,Oil leak near valve cover
2018,Nissan,Rogue,Rough idle when cold
2018,Nissan,Rogue,Won't start
2018,Nissan,Rogue,ABS light on
2018,Nissan,Rogue,Power window won't go up
2019,Nissan,Rogue,Won't start
2019,Nissan,Rogue,AC not blowing cold
2019,Nissan,Rogue,P0442 EVAP small leak
2019,Nissan,Rogue,ABS light on
2019,Nissan,Rogue,Wheel bearing humming noise
2019,Nissan,Rogue,TPMS light on
2019,Nissan,Rogue,Steering wheel vibration at highway speed
2010,Chevrolet,Silverado 1500,Brake squeal when stopping
2010,Chevrolet,Silverado 1500,Rough idle when cold
2010,Chevrolet,Silverado 1500,ABS light on
2010,Chevrolet,Silverado 1500,P0442 EVAP small leak
2010,Chevrolet,Silverado 1500,AC not blowing cold
2010,Chevrolet,Silverado 1500,Wheel bearing humming noise
2010,Chevrolet,Silverado 1500,P0420 catalytic converter efficiency
2011,Chevrolet,Silverado 1500,P0420 catalytic converter efficiency
2011,Chevrolet,Silverado 1500,P0442 EVAP small leak
2011,Chevrolet,Silverado 1500,Brake squeal when stopping
2011,Chevrolet,Silverado 1500,Transmission slipping between gears
2011,Chevrolet,Silverado 1500,Overheating in traffic
2011,Chevrolet,Silverado 1500,Battery drains overnight
2011,Chevrolet,Silverado 1500,Alternator failure
2012,Chevrolet,Silverado 1500,Rough idle when cold
2012,Chevrolet,Silverado 1500,Oil leak near valve cover
2012,Chevrolet,Silverado 1500,Battery drains overnight
2012,Chevrolet,Silverado 1500,Won't start
2012,Chevrolet,Silverado 1500,Power window won't go up
2012,Chevrolet,Silverado 1500,ABS light on
2012,Chevrolet,Silverado 1500,TPMS light on
2013,Chevrolet,Silverado 1500,Rough idle when cold
2013,Chevrolet,Silverado 1500,P0420 catalytic converter efficiency
2013,Chevrolet,Silverado 1500,Alternator failure
2013,Chevrolet,Silverado 1500,Oil leak near valve cover
2013,Chevrolet,Silverado 1500,Won't start
2013,Chevrolet,Silverado 1500,P0442 EVAP small leak
2013,Chevrolet,Silverado 1500,Power window won't go up
2014,Chevrolet,Silverado 1500,Wheel bearing humming noise
2014,Chevrolet,Silverado 1500,ABS light on
2014,Chevrolet,Silverado 1500,Battery drains overnight
2014,Chevrolet,Silverado 1500,Overheating in traffic
2014,Chevrolet,Silverado 1500,Transmission slipping between gears
2014,Chevrolet,Silverado 1500,AC not blowing cold
2014,Chevrolet,Silverado 1500,Oil leak near valve cover
2015,Chevrolet,Silverado 1500,TPMS light on
2015,Chevrolet,Silverado 1500,P0442 EVAP small leak
2015,Chevrolet,Silverado 1500,Steering wheel vibration at highway speed
2015,Chevrolet,Silverado 1500,Won't start
2015,Chevrolet,Silverado 1500,Overheating in traffic
2015,Chevrolet,Silverado 1500,P0420 catalytic converter efficiency
2015,Chevrolet,Silverado 1500,Power window won't go up
2016,Chevrolet,Silverado 1500,Overheating in traffic
2016,Chevrolet,Silverado 1500,AC not blowing cold
2016,Chevrolet,Silverado 1500,Brake squeal when stopping
2016,Chevrolet,Silverado 1500,Wheel bearing humming noise
2016,Chevrolet,Silverado 1500,ABS light on
2016,Chevrolet,Silverado 1500,Transmission slipping between gears
2016,Chevrolet,Silverado 1500,Rough idle when cold
2017,Chevrolet,Silverado 1500,Oil leak near valve cover
2017,Chevrolet,Silverado 1500,TPMS light on
2017,Chevrolet,Silverado 1500,P0420 catalytic converter efficiency
2017,Chevrolet,Silverado 1500,Battery drains overnight
2017,Chevrolet,Silverado 1500,Transmission slipping between gears
2017,Chevrolet,Silverado 1500,Overheating in traffic
2017,Chevrolet,Silverado 1500,AC not blowing cold
2018,Chevrolet,Silverado 1500,Wheel bearing humming noise
2018,Chevrolet,Silverado 1500,Transmission slipping between gears
2018,Chevrolet,Silverado 1500,Overheating in traffic
2018,Chevrolet,Silverado 1500,P0442 EVAP small leak
2018,Chevrolet,Silverado 1500,Brake squeal when stopping
2018,Chevrolet,Silverado 1500,Won't start
2018,Chevrolet,Silverado 1500,TPMS light on
2019,Chevrolet,Silverado 1500,P0442 EVAP small leak
2019,Chevrolet,Silverado 1500,Rough idle when cold
2019,Chevrolet,Silverado 1500,Steering wheel vibration at highway speed
2019,Chevrolet,Silverado 1500,Won't start
2019,Chevrolet,Silverado 1500,Power window won't go up
2019,Chevrolet,Silverado 1500,TPMS light on
2019,Chevrolet,Silverado 1500,Transmission slipping between gears
2010,Chevrolet,Malibu,Alternator failure
2010,Chevrolet,Malibu,Overheating in traffic
2010,Chevrolet,Malibu,AC not blowing cold
2010,Chevrolet,Malibu,Won't start
2010,Chevrolet,Malibu,Rough idle when cold
2010,Chevrolet,Malibu,Battery drains overnight
2010,Chevrolet,Malibu,TPMS light on
2011,Chevrolet,Malibu,Oil leak near valve cover
2011,Chevrolet,Malibu,Alternator failure
2011,Chevrolet,Malibu,ABS light on
2011,Chevrolet,Malibu,TPMS light on
2011,Chevrolet,Malibu,Brake squeal when stopping
2011,Chevrolet,Malibu,Power window won't go up
2011,Chevrolet,Malibu,P0442 EVAP small leak
2012,Chevrolet,Malibu,Rough idle when cold
2012,Chevrolet,Malibu,Power window won't go up
2012,Chevrolet,Malibu,Steering wheel vibration at highway speed
2012,Chevrolet,Malibu,Won't start
2012,Chevrolet,Malibu,Wheel bearing humming noise
2012,Chevrolet,Malibu,Oil leak near valve cover
2012,Chevrolet,Malibu,ABS light on
2013,Chevrolet,Malibu,Wheel bearing humming noise
2013,Chevrolet,Malibu,Steering wheel vibration at highway speed
2013,Chevrolet,Malibu,AC not blowing cold
2013,Chevrolet,Malibu,TPMS light on
2013,Chevrolet,Malibu,Oil leak near valve cover
2013,Chevrolet,Malibu,P0420 catalytic converter efficiency
2013,Chevrolet,Malibu,Won't start
2014,Chevrolet,Malibu,Wheel bearing humming noise
2014,Chevrolet,Malibu,ABS light on
2014,Chevrolet,Malibu,Battery drains overnight
2014,Chevrolet,Malibu,Won't start
2014,Chevrolet,Malibu,P0442 EVAP small leak
2014,Chevrolet,Malibu,Power window won't go up
2014,Chevrolet,Malibu,Rough idle when cold
2015,Chevrolet,Malibu,Overheating in traffic
2015,Chevrolet,Malibu,Transmission slipping between gears
2015,Chevrolet,Malibu,Battery drains overnight
2015,Chevrolet,Malibu,Alternator failure
2015,Chevrolet,Malibu,Steering wheel vibration at highway speed
2015,Chevrolet,Malibu,TPMS light on
2015,Chevrolet,Malibu,Won't start
2016,Chevrolet,Malibu,Wheel bearing humming noise
2016,Chevrolet,Malibu,Battery drains overnight
2016,Chevrolet,Malibu,Overheating in traffic
2016,Chevrolet,Malibu,Oil leak near valve cover
2016,Chevrolet,Malibu,Power window won't go up
2016,Chevrolet,Malibu,P0420 catalytic converter efficiency
2016,Chevrolet,Malibu,ABS light on
2017,Chevrolet,Malibu,ABS light on
2017,Chevrolet,Malibu,Battery drains overnight
2017,Chevrolet,Malibu,P0420 catalytic converter efficiency
2017,Chevrolet,Malibu,Transmission slipping between gears
2017,Chevrolet,Malibu,Rough idle when cold
2017,Chevrolet,Malibu,Overheating in traffic
2017,Chevrolet,Malibu,Oil leak near valve cover
2018,Chevrolet,Malibu,Transmission slipping between gears
2018,Chevrolet,Malibu,Alternator failure
2018,Chevrolet,Malibu,Steering wheel vibration at highway speed
2018,Chevrolet,Malibu,Battery drains overnight
2018,Chevrolet,Malibu,Brake squeal when stopping
2018,Chevrolet,Malibu,Wheel bearing humming noise
2018,Chevrolet,Malibu,ABS light on
2019,Chevrolet,Malibu,AC not blowing cold
2019,Chevrolet,Malibu,Alternator failure
2019,Chevrolet,Malibu,P0442 EVAP small leak
2019,Chevrolet,Malibu,Overheating in traffic
2019,Chevrolet,Malibu,Wheel bearing humming noise
2019,Chevrolet,Malibu,TPMS light on
2019,Chevrolet,Malibu,Won't start
2010,Chevrolet,Equinox,P0442 EVAP small leak
2010,Chevrolet,Equinox,Overheating in traffic
2010,Chevrolet,Equinox,ABS light on
2010,Chevrolet,Equinox,Won't start
2010,Chevrolet,Equinox,TPMS light on
2010,Chevrolet,Equinox,Battery drains overnight
2010,Chevrolet,Equinox,Oil leak near valve cover
2011,Chevrolet,Equinox,TPMS light on
2011,Chevrolet,Equinox,Overheating in traffic
2011,Chevrolet,Equinox,AC not blowing cold
2011,Chevrolet,Equinox,Wheel bearing humming noise
2011,Chevrolet,Equinox,Brake squeal when stopping
2011,Chevrolet,Equinox,ABS light on
2011,Chevrolet,Equinox,P0420 catalytic converter efficiency
2012,Chevrolet,Equinox,Oil leak near valve cover
2012,Chevrolet,Equinox,TPMS light on
2012,Chevrolet,Equinox,Rough idle when cold
2012,Chevrolet,Equinox,P0420 catalytic converter efficiency
2012,Chevrolet,Equinox,Won't start
2012,Chevrolet,Equinox,Battery drains overnight
2012,Chevrolet,Equinox,AC not blowing cold
2013,Chevrolet,Equinox,P0442 EVAP small leak
2013,Chevrolet,Equinox,Brake squeal when stopping
2013,Chevrolet,Equinox,ABS light on
2013,Chevrolet,Equinox,AC not blowing cold
2013,Chevrolet,Equinox,TPMS light on
2013,Chevrolet,Equinox,Rough idle when cold
2013,Chevrolet,Equinox,Alternator failure
2014,Chevrolet,Equinox,Steering wheel vibration at highway speed
2014,Chevrolet,Equinox,P0420 catalytic converter efficiency
2014,Chevrolet,Equinox,Won't start
2014,Chevrolet,Equinox,Alternator failure
2014,Chevrolet,Equinox,Overheating in traffic
2014,Chevrolet,Equinox,ABS light on
2014,Chevrolet,Equinox,Wheel bearing humming noise
2015,Chevrolet,Equinox,Wheel bearing humming noise
2015,Chevrolet,Equinox,Overheating in traffic
2015,Chevrolet,Equinox,Rough idle when cold
2015,Chevrolet,Equinox,P0442 EVAP small leak
2015,Chevrolet,Equinox,Transmission slipping between gears
2015,Chevrolet,Equinox,Brake squeal when stopping
2015,Chevrolet,Equinox,Won't start
2016,Chevrolet,Equinox,Won't start
2016,Chevrolet,Equinox,Oil leak near valve cover
2016,Chevrolet,Equinox,Overheating in traffic
2016,Chevrolet,Equinox,TPMS light on
2016,Chevrolet,Equinox,Rough idle when cold
2016,Chevrolet,Equinox,Brake squeal when stopping
2016,Chevrolet,Equinox,P0442 EVAP small leak
2017,Chevrolet,Equinox,Rough idle when cold
2017,Chevrolet,Equinox,Power window won't go up
2017,Chevrolet,Equinox,Wheel bearing humming noise
2017,Chevrolet,Equinox,Brake squeal when stopping
2017,Chevrolet,Equinox,P0442 EVAP small leak
2017,Chevrolet,Equinox,Won't start
2017,Chevrolet,Equinox,Alternator failure
2018,Chevrolet,Equinox,P0442 EVAP small leak
2018,Chevrolet,Equinox,ABS light on
2018,Chevrolet,Equinox,Battery drains overnight
2018,Chevrolet,Equinox,Wheel bearing humming noise
2018,Chevrolet,Equinox,Rough idle when cold
2018,Chevrolet,Equinox,P0420 catalytic converter efficiency
2018,Chevrolet,Equinox,Alternator failure
2019,Chevrolet,Equinox,Battery drains overnight
2019,Chevrolet,Equinox,Transmission slipping between gears
2019,Chevrolet,Equinox,AC not blowing cold
2019,Chevrolet,Equinox,Power window won't go up
2019,Chevrolet,Equinox,TPMS light on
2019,Chevrolet,Equinox,Alternator failure
2019,Chevrolet,Equinox,Wheel bearing humming noise
2010,Jeep,Grand Cherokee,Battery drains overnight
2010,Jeep,Grand Cherokee,Alternator failure
2010,Jeep,Grand Cherokee,Power window won't go up
2010,Jeep,Grand Cherokee,Won't start
2010,Jeep,Grand Cherokee,P0442 EVAP small leak
2010,Jeep,Grand Cherokee,Overheating in traffic
2010,Jeep,Grand Cherokee,ABS light on
2011,Jeep,Grand Cherokee,Battery drains overnight
2011,Jeep,Grand Cherokee,Overheating in traffic
2011,Jeep,Grand Cherokee,P0420 catalytic converter efficiency
2011,Jeep,Grand Cherokee,Steering wheel vibration at highway speed
2011,Jeep,Grand Cherokee,TPMS light on
2011,Jeep,Grand Cherokee,Oil leak near valve cover
2011,Jeep,Grand Cherokee,Won't start
2012,Jeep,Grand Cherokee,ABS light on
2012,Jeep,Grand Cherokee,Brake squeal when stopping
2012,Jeep,Grand Cherokee,AC not blowing cold
2012,Jeep,Grand Cherokee,Power window won't go up
2012,Jeep,Grand Cherokee,Steering wheel vibration at highway speed
2012,Jeep,Grand Cherokee,Oil leak near valve cover
2012,Jeep,Grand Cherokee,Transmission slipping between gears
2013,Jeep,Grand Cherokee,Brake squeal when stopping
2013,Jeep,Grand Cherokee,P0442 EVAP small leak
2013,Jeep,Grand Cherokee,Rough idle when cold
2013,Jeep,Grand Cherokee,Transmission slipping between gears
2013,Jeep,Grand Cherokee,Alternator failure
2013,Jeep,Grand Cherokee,TPMS light on
2013,Jeep,Grand Cherokee,Wheel bearing humming noise
2014,Jeep,Grand Cherokee,AC not blowing cold
2014,Jeep,Grand Cherokee,Overheating in traffic
2014,Jeep,Grand Cherokee,Brake squeal when stopping
2014,Jeep,Grand Cherokee,Steering wheel vibration at highway speed
2014,Jeep,Grand Cherokee,P0442 EVAP small leak
2014,Jeep,Grand Cherokee,Alternator failure
2014,Jeep,Grand Cherokee,Oil leak near valve cover
2015,Jeep,Grand Cherokee,AC not blowing cold
2015,Jeep,Grand Cherokee,Rough idle when cold
2015,Jeep,Grand Cherokee,Battery drains overnight
2015,Jeep,Grand Cherokee,Steering wheel vibration at highway speed
2015,Jeep,Grand Cherokee,P0420 catalytic converter efficiency
2015,Jeep,Grand Cherokee,Alternator failure
2015,Jeep,Grand Cherokee,TPMS light on
2016,Jeep,Grand Cherokee,Power window won't go up
2016,Jeep,Grand Cherokee,Battery drains overnight
2016,Jeep,Grand Cherokee,Alternator failure
2016,Jeep,Grand Cherokee,AC not blowing cold
2016,Jeep,Grand Cherokee,Transmission slipping between gears
2016,Jeep,Grand Cherokee,ABS light on
2016,Jeep,Grand Cherokee,Wheel bearing humming noise
2017,Jeep,Grand Cherokee,P0420 catalytic converter efficiency
2017,Jeep,Grand Cherokee,Won't start
2017,Jeep,Grand Cherokee,ABS light on
2017,Jeep,Grand Cherokee,Oil leak near valve cover
2017,Jeep,Grand Cherokee,P0442 EVAP small leak
2017,Jeep,Grand Cherokee,Wheel bearing humming noise
2017,Jeep,Grand Cherokee,Steering wheel vibration at highway speed
2018,Jeep,Grand Cherokee,P0420 catalytic converter efficiency
2018,Jeep,Grand Cherokee,Overheating in traffic
2018,Jeep,Grand Cherokee,Transmission slipping between gears
2018,Jeep,Grand Cherokee,ABS light on
2018,Jeep,Grand Cherokee,Brake squeal when stopping
2018,Jeep,Grand Cherokee,Steering wheel vibration at highway speed
2018,Jeep,Grand Cherokee,Battery drains overnight
2019,Jeep,Grand Cherokee,Brake squeal when stopping
2019,Jeep,Grand Cherokee,Power window won't go up
2019,Jeep,Grand Cherokee,Steering wheel vibration at highway speed
2019,Jeep,Grand Cherokee,Battery drains overnight
2019,Jeep,Grand Cherokee,Overheating in traffic
2019,Jeep,Grand Cherokee,TPMS light on
2019,Jeep,Grand Cherokee,P0420 catalytic converter efficiency
2010,Jeep,Wrangler,Brake squeal when stopping
2010,Jeep,Wrangler,AC not blowing cold
2010,Jeep,Wrangler,TPMS light on
2010,Jeep,Wrangler,Alternator failure
2010,Jeep,Wrangler,Won't start
2010,Jeep,Wrangler,Wheel bearing humming noise
2010,Jeep,Wrangler,Rough idle when cold
2011,Jeep,Wrangler,Brake squeal when stopping
2011,Jeep,Wrangler,AC not blowing cold
2011,Jeep,Wrangler,Alternator failure
2011,Jeep,Wrangler,Rough idle when cold
2011,Jeep,Wrangler,TPMS light on
2011,Jeep,Wrangler,Won't start
2011,Jeep,Wrangler,Transmission slipping between gears
2012,Jeep,Wrangler,Alternator failure
2012,Jeep,Wrangler,Rough idle when cold
2012,Jeep,Wrangler,Overheating in traffic
2012,Jeep,Wrangler,P0420 catalytic converter efficiency
2012,Jeep,Wrangler,Steering wheel vibration at highway speed
2012,Jeep,Wrangler,ABS light on
2012,Jeep,Wrangler,P0442 EVAP small leak
2013,Jeep,Wrangler,Overheating in traffic
2013,Jeep,Wrangler,TPMS light on
2013,Jeep,Wrangler,Power window won't go up
2013,Jeep,Wrangler,Brake squeal when stopping
2013,Jeep,Wrangler,Won't start
2013,Jeep,Wrangler,Oil leak near valve cover
2013,Jeep,Wrangler,P0420 catalytic converter efficiency
2014,Jeep,Wrangler,P0442 EVAP small leak
2014,Jeep,Wrangler,Overheating in traffic
2014,Jeep,Wrangler,Rough idle when cold
2014,Jeep,Wrangler,Power window won't go up
2014,Jeep,Wrangler,TPMS light on
2014,Jeep,Wrangler,Oil leak near valve cover
2014,Jeep,Wrangler,Battery drains overnight
2015,Jeep,Wrangler,P0420 catalytic converter efficiency
2015,Jeep,Wrangler,Alternator failure
2015,Jeep,Wrangler,Oil leak near valve cover
2015,Jeep,Wrangler,Wheel bearing humming noise
2015,Jeep,Wrangler,ABS light on
2015,Jeep,Wrangler,Steering wheel vibration at highway speed
2015,Jeep,Wrangler,Brake squeal when stopping
2016,Jeep,Wrangler,Power window won't go up
2016,Jeep,Wrangler,Won't start
2016,Jeep,Wrangler,Battery drains overnight
2016,Jeep,Wrangler,Rough idle when cold
2016,Jeep,Wrangler,ABS light on
2016,Jeep,Wrangler,Brake squeal when stopping
2016,Jeep,Wrangler,Transmission slipping between gears
2017,Jeep,Wrangler,Wheel bearing humming noise
2017,Jeep,Wrangler,Power window won't go up
2017,Jeep,Wrangler,Brake squeal when stopping
2017,Jeep,Wrangler,Overheating in traffic
2017,Jeep,Wrangler,Won't start
2017,Jeep,Wrangler,ABS light on
2017,Jeep,Wrangler,Steering wheel vibration at highway speed
2018,Jeep,Wrangler,P0420 catalytic converter efficiency
2018,Jeep,Wrangler,Rough idle when cold
2018,Jeep,Wrangler,Overheating in traffic
2018,Jeep,Wrangler,Battery drains overnight
2018,Jeep,Wrangler,Transmission slipping between gears
2018,Jeep,Wrangler,TPMS light on
2018,Jeep,Wrangler,Brake squeal when stopping
2019,Jeep,Wrangler,Won't start
2019,Jeep,Wrangler,Power window won't go up
2019,Jeep,Wrangler,Wheel bearing humming noise
2019,Jeep,Wrangler,P0420 catalytic converter efficiency
2019,Jeep,Wrangler,ABS light on
2019,Jeep,Wrangler,TPMS light on
2019,Jeep,Wrangler,Rough idle when cold
2010,Hyundai,Elantra,Transmission slipping between gears
2010,Hyundai,Elantra,Overheating in traffic
2010,Hyundai,Elantra,Battery drains overnight
2010,Hyundai,Elantra,Oil leak near valve cover
2010,Hyundai,Elantra,TPMS light on
2010,Hyundai,Elantra,Won't start
2010,Hyundai,Elantra,Brake squeal when stopping
2011,Hyundai,Elantra,Battery drains overnight
2011,Hyundai,Elantra,Overheating in traffic
2011,Hyundai,Elantra,Brake squeal when stopping
2011,Hyundai,Elantra,Alternator failure
2011,Hyundai,Elantra,Steering wheel vibration at highway speed
2011,Hyundai,Elantra,Power window won't go up
2011,Hyundai,Elantra,ABS light on
2012,Hyundai,Elantra,Overheating in traffic
2012,Hyundai,Elantra,Oil leak near valve cover
2012,Hyundai,Elantra,Battery drains overnight
2012,Hyundai,Elantra,Brake squeal when stopping
2012,Hyundai,Elantra,TPMS light on
2012,Hyundai,Elantra,Power window won't go up
2012,Hyundai,Elantra,Rough idle when cold
2013,Hyundai,Elantra,P0420 catalytic converter efficiency
2013,Hyundai,Elantra,Won't start
2013,Hyundai,Elantra,Oil leak near valve cover
2013,Hyundai,Elantra,Overheating in traffic
2013,Hyundai,Elantra,Transmission slipping between gears
2013,Hyundai,Elantra,P0442 EVAP small leak
2013,Hyundai,Elantra,Battery drains overnight
2014,Hyundai,Elantra,Transmission slipping between gears
2014,Hyundai,Elantra,P0420 catalytic converter efficiency
2014,Hyundai,Elantra,Alternator failure
2014,Hyundai,Elantra,Wheel bearing humming noise
2014,Hyundai,Elantra,Brake squeal when stopping
2014,Hyundai,Elantra,Rough idle when cold
2014,Hyundai,Elantra,Oil leak near valve cover
2015,Hyundai,Elantra,Battery drains overnight
2015,Hyundai,Elantra,Won't start
2015,Hyundai,Elantra,AC not blowing cold
2015,Hyundai,Elantra,Power window won't go up
2015,Hyundai,Elantra,Brake squeal when stopping
2015,Hyundai,Elantra,Wheel bearing humming noise
2015,Hyundai,Elantra,P0420 catalytic converter efficiency
2016,Hyundai,Elantra,Power window won't go up
2016,Hyundai,Elantra,P0442 EVAP small leak
2016,Hyundai,Elantra,Rough idle when cold
2016,Hyundai,Elantra,Won't start
2016,Hyundai,Elantra,Brake squeal when stopping
2016,Hyundai,Elantra,P0420 catalytic converter efficiency
2016,Hyundai,Elantra,Wheel bearing humming noise
2017,Hyundai,Elantra,Oil leak near valve cover
2017,Hyundai,Elantra,Power window won't go up
2017,Hyundai,Elantra,Alternator failure
2017,Hyundai,Elantra,Transmission slipping between gears
2017,Hyundai,Elantra,Overheating in traffic
2017,Hyundai,Elantra,Won't start
2017,Hyundai,Elantra,P0420 catalytic converter efficiency
2018,Hyundai,Elantra,Steering wheel vibration at highway speed
2018,Hyundai,Elantra,Won't start
2018,Hyundai,Elantra,Rough idle when cold
2018,Hyundai,Elantra,P0420 catalytic converter efficiency
2018,Hyundai,Elantra,Overheating in traffic
2018,Hyundai,Elantra,TPMS light on
2018,Hyundai,Elantra,Alternator failure
2019,Hyundai,Elantra,Steering wheel vibration at highway speed
2019,Hyundai,Elantra,Transmission slipping between gears
2019,Hyundai,Elantra,Overheating in traffic
2019,Hyundai,Elantra,Won't start
2019,Hyundai,Elantra,Power window won't go up
2019,Hyundai,Elantra,P0442 EVAP small leak
2019,Hyundai,Elantra,AC not blowing cold
2010,Hyundai,Sonata,P0442 EVAP small leak
2010,Hyundai,Sonata,Oil leak near valve cover
2010,Hyundai,Sonata,ABS light on
2010,Hyundai,Sonata,AC not blowing cold
2010,Hyundai,Sonata,Transmission slipping between gears
2010,Hyundai,Sonata,Power window won't go up
2010,Hyundai,Sonata,Brake squeal when stopping
2011,Hyundai,Sonata,Overheating in traffic
2011,Hyundai,Sonata,Won't start
2011,Hyundai,Sonata,AC not blowing cold
2011,Hyundai,Sonata,P0442 EVAP small leak
2011,Hyundai,Sonata,Transmission slipping between gears
2011,Hyundai,Sonata,Oil leak near valve cover
2011,Hyundai,Sonata,Alternator failure
2012,Hyundai,Sonata,Transmission slipping between gears
2012,Hyundai,Sonata,P0442 EVAP small leak
2012,Hyundai,Sonata,Alternator failure
2012,Hyundai,Sonata,ABS light on
2012,Hyundai,Sonata,Steering wheel vibration at highway speed
2012,Hyundai,Sonata,Wheel bearing humming noise
2012,Hyundai,Sonata,AC not blowing cold
2013,Hyundai,Sonata,Alternator failure
2013,Hyundai,Sonata,Battery drains overnight
2013,Hyundai,Sonata,Overheating in traffic
2013,Hyundai,Sonata,Wheel bearing humming noise
2013,Hyundai,Sonata,AC not blowing cold
2013,Hyundai,Sonata,Steering wheel vibration at highway speed
2013,Hyundai,Sonata,TPMS light on
2014,Hyundai,Sonata,Wheel bearing humming noise
2014,Hyundai,Sonata,Rough idle when cold
2014,Hyundai,Sonata,P0442 EVAP small leak
2014,Hyundai,Sonata,Overheating in traffic
2014,Hyundai,Sonata,Alternator failure
2014,Hyundai,Sonata,Power window won't go up
2014,Hyundai,Sonata,Oil leak near valve cover
2015,Hyundai,Sonata,TPMS light on
2015,Hyundai,Sonata,Alternator failure
2015,Hyundai,Sonata,P0442 EVAP small leak
2015,Hyundai,Sonata,Battery drains overnight
2015,Hyundai,Sonata,Oil leak near valve cover
2015,Hyundai,Sonata,Brake squeal when stopping
2015,Hyundai,Sonata,Steering wheel vibration at highway speed
2016,Hyundai,Sonata,TPMS light on
2016,Hyundai,Sonata,Rough idle when cold
2016,Hyundai,Sonata,Alternator failure
2016,Hyundai,Sonata,Steering wheel vibration at highway speed
2016,Hyundai,Sonata,Oil leak near valve cover
2016,Hyundai,Sonata,Transmission slipping between gears
2016,Hyundai,Sonata,AC not blowing cold
2017,Hyundai,Sonata,P0442 EVAP small leak
2017,Hyundai,Sonata,AC not blowing cold
2017,Hyundai,Sonata,ABS light on
2017,Hyundai,Sonata,Power window won't go up
2017,Hyundai,Sonata,Won't start
2017,Hyundai,Sonata,Transmission slipping between gears
2017,Hyundai,Sonata,Oil leak near valve cover
2018,Hyundai,Sonata,Oil leak near valve cover
2018,Hyundai,Sonata,Power window won't go up
2018,Hyundai,Sonata,Steering wheel vibration at highway speed
2018,Hyundai,Sonata,ABS light on
2018,Hyundai,Sonata,Won't start
2018,Hyundai,Sonata,Overheating in traffic
2018,Hyundai,Sonata,Battery drains overnight
2019,Hyundai,Sonata,Won't start
2019,Hyundai,Sonata,ABS light on
2019,Hyundai,Sonata,P0442 EVAP small leak
2019,Hyundai,Sonata,Transmission slipping between gears
2019,Hyundai,Sonata,P0420 catalytic converter efficiency
2019,Hyundai,Sonata,Power window won't go up
2019,Hyundai,Sonata,Steering wheel vibration at highway speed
2011,Kia,Optima,Steering wheel vibration at highway speed
2011,Kia,Optima,Overheating in traffic
2011,Kia,Optima,Battery drains overnight
2011,Kia,Optima,Won't start
2011,Kia,Optima,P0442 EVAP small leak
2011,Kia,Optima,AC not blowing cold
2011,Kia,Optima,Wheel bearing humming noise
2012,Kia,Optima,Transmission slipping between gears
2012,Kia,Optima,Battery drains overnight
2012,Kia,Optima,Alternator failure
2012,Kia,Optima,Oil leak near valve cover
2012,Kia,Optima,ABS light on
2012,Kia,Optima,Overheating in traffic
2012,Kia,Optima,P0420 catalytic converter efficiency
2013,Kia,Optima,AC not blowing cold
2013,Kia,Optima,P0420 catalytic converter efficiency
2013,Kia,Optima,Battery drains overnight
2013,Kia,Optima,Won't start
2013,Kia,Optima,TPMS light on
2013,Kia,Optima,Wheel bearing humming noise
2013,Kia,Optima,Rough idle when cold
2014,Kia,Optima,Alternator failure
2014,Kia,Optima,Wheel bearing humming noise
2014,Kia,Optima,Oil leak near valve cover
2014,Kia,Optima,Rough idle when cold
2014,Kia,Optima,Steering wheel vibration at highway speed
2014,Kia,Optima,ABS light on
2014,Kia,Optima,Power window won't go up
2015,Kia,Optima,Brake squeal when stopping
2015,Kia,Optima,ABS light on
2015,Kia,Optima,Overheating in traffic
2015,Kia,Optima,P0420 catalytic converter efficiency
2015,Kia,Optima,P0442 EVAP small leak
2015,Kia,Optima,AC not blowing cold
2015,Kia,Optima,Transmission slipping between gears
2016,Kia,Optima,AC not blowing cold
2016,Kia,Optima,Rough idle when cold
2016,Kia,Optima,Wheel bearing humming noise
2016,Kia,Optima,P0442 EVAP small leak
2016,Kia,Optima,Won't start
2016,Kia,Optima,ABS light on
2016,Kia,Optima,Oil leak near valve cover
2017,Kia,Optima,Transmission slipping between gears
2017,Kia,Optima,P0420 catalytic converter efficiency
2017,Kia,Optima,Wheel bearing humming noise
2017,Kia,Optima,ABS light on
2017,Kia,Optima,Power window won't go up
2017,Kia,Optima,Rough idle when cold
2017,Kia,Optima,AC not blowing cold
2018,Kia,Optima,Won't start
2018,Kia,Optima,Brake squeal when stopping
2018,Kia,Optima,TPMS light on
2018,Kia,Optima,P0442 EVAP small leak
2018,Kia,Optima,Oil leak near valve cover
2018,Kia,Optima,Alternator failure
2018,Kia,Optima,Wheel bearing humming noise
2019,Kia,Optima,ABS light on
2019,Kia,Optima,P0420 catalytic converter efficiency
2019,Kia,Optima,AC not blowing cold
2019,Kia,Optima,Transmission slipping between gears
2019,Kia,Optima,Wheel bearing humming noise
2019,Kia,Optima,Won't start
2019,Kia,Optima,Rough idle when cold
2011,Kia,Sorento,Brake squeal when stopping
2011,Kia,Sorento,Overheating in traffic
2011,Kia,Sorento,Power window won't go up
2011,Kia,Sorento,Alternator failure
2011,Kia,Sorento,ABS light on
2011,Kia,Sorento,TPMS light on
2011,Kia,Sorento,AC not blowing cold
2012,Kia,Sorento,Overheating in traffic
2012,Kia,Sorento,Alternator failure
2012,Kia,Sorento,TPMS light on
2012,Kia,Sorento,Wheel bearing humming noise
2012,Kia,Sorento,ABS light on
2012,Kia,Sorento,P0442 EVAP small leak
2012,Kia,Sorento,AC not blowing cold
2013,Kia,Sorento,Overheating in traffic
2013,Kia,Sorento,Brake squeal when stopping
2013,Kia,Sorento,Battery drains overnight
2013,Kia,Sorento,AC not blowing cold
2013,Kia,Sorento,Alternator failure
2013,Kia,Sorento,Power window won't go up
2013,Kia,Sorento,Transmission slipping between gears
2014,Kia,Sorento,Brake squeal when stopping
2014,Kia,Sorento,P0442 EVAP small leak
2014,Kia,Sorento,Rough idle when cold
2014,Kia,Sorento,ABS light on
2014,Kia,Sorento,Steering wheel vibration at highway speed
2014,Kia,Sorento,Overheating in traffic
2014,Kia,Sorento,Alternator failure
2015,Kia,Sorento,Steering wheel vibration at highway speed
2015,Kia,Sorento,AC not blowing cold
2015,Kia,Sorento,P0420 catalytic converter efficiency
2015,Kia,Sorento,ABS light on
2015,Kia,Sorento,Battery drains overnight
2015,Kia,Sorento,Overheating in traffic
2015,Kia,Sorento,TPMS light on
2016,Kia,Sorento,P0442 EVAP small leak
2016,Kia,Sorento,Transmission slipping between gears
2016,Kia,Sorento,AC not blowing cold
2016,Kia,Sorento,Won't start
2016,Kia,Sorento,Rough idle when cold
2016,Kia,Sorento,TPMS light on
2016,Kia,Sorento,Wheel bearing humming noise
2017,Kia,Sorento,Brake squeal when stopping
2017,Kia,Sorento,Oil leak near valve cover
2017,Kia,Sorento,Transmission slipping between gears
2017,Kia,Sorento,P0420 catalytic converter efficiency
2017,Kia,Sorento,TPMS light on
2017,Kia,Sorento,Alternator failure
2017,Kia,Sorento,P0442 EVAP small leak
2018,Kia,Sorento,ABS light on
2018,Kia,Sorento,Alternator failure
2018,Kia,Sorento,Won't start
2018,Kia,Sorento,Rough idle when cold
2018,Kia,Sorento,Transmission slipping between gears
2018,Kia,Sorento,AC not blowing cold
2018,Kia,Sorento,P0442 EVAP small leak
2019,Kia,Sorento,Battery drains overnight
2019,Kia,Sorento,Won't start
2019,Kia,Sorento,Overheating in traffic
2019,Kia,Sorento,Rough idle when cold
2019,Kia,Sorento,Steering wheel vibration at highway speed
2019,Kia,Sorento,Power window won't go up
2019,Kia,Sorento,Oil leak near valve cover
2010,Subaru,Outback,Overheating in traffic
2010,Subaru,Outback,Brake squeal when stopping
2010,Subaru,Outback,AC not blowing cold
2010,Subaru,Outback,Oil leak near valve cover
2010,Subaru,Outback,TPMS light on
2010,Subaru,Outback,P0442 EVAP small leak
2010,Subaru,Outback,Transmission slipping between gears
2011,Subaru,Outback,Power window won't go up
2011,Subaru,Outback,Overheating in traffic
2011,Subaru,Outback,Won't start
2011,Subaru,Outback,Wheel bearing humming noise
2011,Subaru,Outback,Brake squeal when stopping
2011,Subaru,Outback,P0420 catalytic converter efficiency
2011,Subaru,Outback,Rough idle when cold
2012,Subaru,Outback,Won't start
2012,Subaru,Outback,Steering wheel vibration at highway speed
2012,Subaru,Outback,Transmission slipping between gears
2012,Subaru,Outback,Power window won't go up
2012,Subaru,Outback,Wheel bearing humming noise
2012,Subaru,Outback,Alternator failure
2012,Subaru,Outback,TPMS light on
2013,Subaru,Outback,TPMS light on
2013,Subaru,Outback,ABS light on
2013,Subaru,Outback,Rough idle when cold
2013,Subaru,Outback,Brake squeal when stopping
2013,Subaru,Outback,Power window won't go up
2013,Subaru,Outback,Transmission slipping between gears
2013,Subaru,Outback,P0442 EVAP small leak
2014,Subaru,Outback,Steering wheel vibration at highway speed
2014,Subaru,Outback,ABS light on
2014,Subaru,Outback,P0420 catalytic converter efficiency
2014,Subaru,Outback,Battery drains overnight
2014,Subaru,Outback,Overheating in traffic
2014,Subaru,Outback,Won't start
2014,Subaru,Outback,Rough idle when cold
2015,Subaru,Outback,Transmission slipping between gears
2015,Subaru,Outback,AC not blowing cold
2015,Subaru,Outback,Rough idle when cold
2015,Subaru,Outback,Brake squeal when stopping
2015,Subaru,Outback,Wheel bearing humming noise
2015,Subaru,Outback,TPMS light on
2015,Subaru,Outback,Steering wheel vibration at highway speed
2016,Subaru,Outback,Brake squeal when stopping
2016,Subaru,Outback,Wheel bearing humming noise
2016,Subaru,Outback,Alternator failure
2016,Subaru,Outback,Transmission slipping between gears
2016,Subaru,Outback,Steering wheel vibration at highway speed
2016,Subaru,Outback,P0442 EVAP small leak
2016,Subaru,Outback,Battery drains overnight
2017,Subaru,Outback,Won't start
2017,Subaru,Outback,Overheating in traffic
2017,Subaru,Outback,Transmission slipping between gears
2017,Subaru,Outback,Power window won't go up
2017,Subaru,Outback,AC not blowing cold
2017,Subaru,Outback,TPMS light on
2017,Subaru,Outback,Alternator failure
2018,Subaru,Outback,ABS light on
2018,Subaru,Outback,Power window won't go up
2018,Subaru,Outback,Overheating in traffic
2018,Subaru,Outback,Brake squeal when stopping
2018,Subaru,Outback,TPMS light on
2018,Subaru,Outback,Rough idle when cold
2018,Subaru,Outback,Steering wheel vibration at highway speed
2019,Subaru,Outback,Alternator failure
2019,Subaru,Outback,Overheating in traffic
2019,Subaru,Outback,ABS light on
2019,Subaru,Outback,Power window won't go up
2019,Subaru,Outback,Battery drains overnight
2019,Subaru,Outback,P0442 EVAP small leak
2019,Subaru,Outback,Brake squeal when stopping
2010,Subaru,Forester,Battery drains overnight
2010,Subaru,Forester,Won't start
2010,Subaru,Forester,Transmission slipping between gears
2010,Subaru,Forester,Alternator failure
2010,Subaru,Forester,Brake squeal when stopping
2010,Subaru,Forester,P0442 EVAP small leak
2010,Subaru,Forester,AC not blowing cold
2011,Subaru,Forester,Brake squeal when stopping
2011,Subaru,Forester,Wheel bearing humming noise
2011,Subaru,Forester,Alternator failure
2011,Subaru,Forester,Oil leak near valve cover
2011,Subaru,Forester,Rough idle when cold
2011,Subaru,Forester,TPMS light on
2011,Subaru,Forester,AC not blowing cold
2012,Subaru,Forester,Steering wheel vibration at highway speed
2012,Subaru,Forester,Brake squeal when stopping
2012,Subaru,Forester,TPMS light on
2012,Subaru,Forester,Oil leak near valve cover
2012,Subaru,Forester,Overheating in traffic
2012,Subaru,Forester,Won't start
2012,Subaru,Forester,AC not blowing cold
2013,Subaru,Forester,Battery drains overnight
2013,Subaru,Forester,Wheel bearing humming noise
2013,Subaru,Forester,Alternator failure
2013,Subaru,Forester,Brake squeal when stopping
2013,Subaru,Forester,Rough idle when cold
2013,Subaru,Forester,ABS light on
2013,Subaru,Forester,P0420 catalytic converter efficiency
2014,Subaru,Forester,Rough idle when cold
2014,Subaru,Forester,TPMS light on
2014,Subaru,Forester,Won't start
2014,Subaru,Forester,Transmission slipping between gears
2014,Subaru,Forester,Oil leak near valve cover
2014,Subaru,Forester,Steering wheel vibration at highway speed
2014,Subaru,Forester,P0442 EVAP small leak
2015,Subaru,Forester,AC not blowing cold
2015,Subaru,Forester,Steering wheel vibration at highway speed
2015,Subaru,Forester,Transmission slipping between gears
2015,Subaru,Forester,Oil leak near valve cover
2015,Subaru,Forester,TPMS light on
2015,Subaru,Forester,P0420 catalytic converter efficiency
2015,Subaru,Forester,Overheating in traffic
2016,Subaru,Forester,Steering wheel vibration at highway speed
2016,Subaru,Forester,Power window won't go up
2016,Subaru,Forester,P0442 EVAP small leak
2016,Subaru,Forester,TPMS light on
2016,Subaru,Forester,Alternator failure
2016,Subaru,Forester,Overheating in traffic
2016,Subaru,Forester,P0420 catalytic converter efficiency
2017,Subaru,Forester,Steering wheel vibration at highway speed
2017,Subaru,Forester,Oil leak near valve cover
2017,Subaru,Forester,Won't start
2017,Subaru,Forester,Transmission slipping between gears
2017,Subaru,Forester,Brake squeal when stopping
2017,Subaru,Forester,AC not blowing cold
2017,Subaru,Forester,P0442 EVAP small leak
2018,Subaru,Forester,Oil leak near valve cover
2018,Subaru,Forester,Brake squeal when stopping
2018,Subaru,Forester,Alternator failure
2018,Subaru,Forester,Overheating in traffic
2018,Subaru,Forester,Battery drains overnight
2018,Subaru,Forester,TPMS light on
2018,Subaru,Forester,P0420 catalytic converter efficiency
2019,Subaru,Forester,Transmission slipping between gears
2019,Subaru,Forester,TPMS light on
2019,Subaru,Forester,ABS light on
2019,Subaru,Forester,Battery drains overnight
2019,Subaru,Forester,AC not blowing cold
2019,Subaru,Forester,P0442 EVAP small leak
2019,Subaru,Forester,Alternator failure
2010,Mazda,Mazda3,Power window won't go up
2010,Mazda,Mazda3,Rough idle when cold
2010,Mazda,Mazda3,TPMS light on
2010,Mazda,Mazda3,Oil leak near valve cover
2010,Mazda,Mazda3,Transmission slipping between gears
2010,Mazda,Mazda3,AC not blowing cold
2010,Mazda,Mazda3,P0420 catalytic converter efficiency
2011,Mazda,Mazda3,P0442 EVAP small leak
2011,Mazda,Mazda3,Alternator failure
2011,Mazda,Mazda3,Wheel bearing humming noise
2011,Mazda,Mazda3,ABS light on
2011,Mazda,Mazda3,TPMS light on
2011,Mazda,Mazda3,Brake squeal when stopping
2011,Mazda,Mazda3,Steering wheel vibration at highway speed
2012,Mazda,Mazda3,Rough idle when cold
2012,Mazda,Mazda3,P0420 catalytic converter efficiency
2012,Mazda,Mazda3,AC not blowing cold
2012,Mazda,Mazda3,Won't start
2012,Mazda,Mazda3,Transmission slipping between gears
2012,Mazda,Mazda3,P0442 EVAP small leak
2012,Mazda,Mazda3,Overheating in traffic
2013,Mazda,Mazda3,Won't start
2013,Mazda,Mazda3,Alternator failure
2013,Mazda,Mazda3,TPMS light on
2013,Mazda,Mazda3,P0420 catalytic converter efficiency
2013,Mazda,Mazda3,Wheel bearing humming noise
2013,Mazda,Mazda3,Rough idle when cold
2013,Mazda,Mazda3,Power window won't go up
2014,Mazda,Mazda3,Steering wheel vibration at highway speed
2014,Mazda,Mazda3,Oil leak near valve cover
2014,Mazda,Mazda3,TPMS light on
2014,Mazda,Mazda3,AC not blowing cold
2014,Mazda,Mazda3,Wheel bearing humming noise
2014,Mazda,Mazda3,Brake squeal when stopping
2014,Mazda,Mazda3,Transmission slipping between gears
2015,Mazda,Mazda3,P0442 EVAP small leak
2015,Mazda,Mazda3,Transmission slipping between gears
2015,Mazda,Mazda3,P0420 catalytic converter efficiency
2015,Mazda,Mazda3,AC not blowing cold
2015,Mazda,Mazda3,Alternator failure
2015,Mazda,Mazda3,Won't start
2015,Mazda,Mazda3,Overheating in traffic
2016,Mazda,Mazda3,Rough idle when cold
2016,Mazda,Mazda3,Brake squeal when stopping
2016,Mazda,Mazda3,Transmission slipping between gears
2016,Mazda,Mazda3,Power window won't go up
2016,Mazda,Mazda3,Wheel bearing humming noise
2016,Mazda,Mazda3,Oil leak near valve cover
2016,Mazda,Mazda3,ABS light on
2017,Mazda,Mazda3,Overheating in traffic
2017,Mazda,Mazda3,P0420 catalytic converter efficiency
2017,Mazda,Mazda3,Power window won't go up
2017,Mazda,Mazda3,Battery drains overnight
2017,Mazda,Mazda3,P0442 EVAP small leak
2017,Mazda,Mazda3,ABS light on
2017,Mazda,Mazda3,AC not blowing cold
2018,Mazda,Mazda3,Brake squeal when stopping
2018,Mazda,Mazda3,Rough idle when cold
2018,Mazda,Mazda3,Power window won't go up
2018,Mazda,Mazda3,P0420 catalytic converter efficiency
2018,Mazda,Mazda3,Wheel bearing humming noise
2018,Mazda,Mazda3,Won't start
2018,Mazda,Mazda3,P0442 EVAP small leak
2019,Mazda,Mazda3,TPMS light on
2019,Mazda,Mazda3,Brake squeal when stopping
2019,Mazda,Mazda3,Won't start
2019,Mazda,Mazda3,Wheel bearing humming noise
2019,Mazda,Mazda3,P0420 catalytic converter efficiency
2019,Mazda,Mazda3,Battery drains overnight
2019,Mazda,Mazda3,Alternator failure
2010,GMC,Sierra 1500,AC not blowing cold
2010,GMC,Sierra 1500,P0442 EVAP small leak
2010,GMC,Sierra 1500,Oil leak near valve cover
2010,GMC,Sierra 1500,Wheel bearing humming noise
2010,GMC,Sierra 1500,TPMS light on
2010,GMC,Sierra 1500,Transmission slipping between gears
2010,GMC,Sierra 1500,Rough idle when cold
2011,GMC,Sierra 1500,Won't start
2011,GMC,Sierra 1500,Rough idle when cold
2011,GMC,Sierra 1500,AC not blowing cold
2011,GMC,Sierra 1500,Alternator failure
2011,GMC,Sierra 1500,Oil leak near valve cover
2011,GMC,Sierra 1500,Overheating in traffic
2011,GMC,Sierra 1500,Battery drains overnight
2012,GMC,Sierra 1500,Won't start
2012,GMC,Sierra 1500,Power window won't go up
2012,GMC,Sierra 1500,Wheel bearing humming noise
2012,GMC,Sierra 1500,TPMS light on
2012,GMC,Sierra 1500,Rough idle when cold
2012,GMC,Sierra 1500,Transmission slipping between gears
2012,GMC,Sierra 1500,AC not blowing cold
2013,GMC,Sierra 1500,Rough idle when cold
2013,GMC,Sierra 1500,AC not blowing cold
2013,GMC,Sierra 1500,Steering wheel vibration at highway speed
2013,GMC,Sierra 1500,Brake squeal when stopping
2013,GMC,Sierra 1500,TPMS light on
2013,GMC,Sierra 1500,Overheating in traffic
2013,GMC,Sierra 1500,Won't start
2014,GMC,Sierra 1500,Won't start
2014,GMC,Sierra 1500,Transmission slipping between gears
2014,GMC,Sierra 1500,Alternator failure
2014,GMC,Sierra 1500,Oil leak near valve cover
2014,GMC,Sierra 1500,AC not blowing cold
2014,GMC,Sierra 1500,TPMS light on
2014,GMC,Sierra 1500,P0420 catalytic converter efficiency
2015,GMC,Sierra 1500,Steering wheel vibration at highway speed
2015,GMC,Sierra 1500,Oil leak near valve cover
2015,GMC,Sierra 1500,P0420 catalytic converter efficiency
2015,GMC,Sierra 1500,TPMS light on
2015,GMC,Sierra 1500,Alternator failure
2015,GMC,Sierra 1500,Transmission slipping between gears
2015,GMC,Sierra 1500,Brake squeal when stopping
2016,GMC,Sierra 1500,Brake squeal when stopping
2016,GMC,Sierra 1500,Won't start
2016,GMC,Sierra 1500,Alternator failure
2016,GMC,Sierra 1500,Overheating in traffic
2016,GMC,Sierra 1500,Power window won't go up
2016,GMC,Sierra 1500,P0420 catalytic converter efficiency
2016,GMC,Sierra 1500,Battery drains overnight
2017,GMC,Sierra 1500,P0442 EVAP small leak
2017,GMC,Sierra 1500,P0420 catalytic converter efficiency
2017,GMC,Sierra 1500,Battery drains overnight
2017,GMC,Sierra 1500,Alternator failure
2017,GMC,Sierra 1500,Brake squeal when stopping
2017,GMC,Sierra 1500,Overheating in traffic
2017,GMC,Sierra 1500,Wheel bearing humming noise
2018,GMC,Sierra 1500,AC not blowing cold
2018,GMC,Sierra 1500,P0442 EVAP small leak
2018,GMC,Sierra 1500,Brake squeal when stopping
2018,GMC,Sierra 1500,Battery drains overnight
2018,GMC,Sierra 1500,ABS light on
2018,GMC,Sierra 1500,Transmission slipping between gears
2018,GMC,Sierra 1500,TPMS light on
2019,GMC,Sierra 1500,Rough idle when cold
2019,GMC,Sierra 1500,ABS light on
2019,GMC,Sierra 1500,TPMS light on
2019,GMC,Sierra 1500,P0442 EVAP small leak
2019,GMC,Sierra 1500,Transmission slipping between gears
2019,GMC,Sierra 1500,Oil leak near valve cover
2019,GMC,Sierra 1500,Alternator failure
